sr_no,standard_number,title,size,format,language,publish_date,view_url,download_url,source
1,IS 12615:,IS 12615: 2026 Line Operated Three Phase a.c. Motors (IE Code) Efficiency Classes and Performance — Specification (Fourth Revision),547 KB,Pdf,Bilingual,07-05-2026,https://www.bis.gov.in/wp-content/uploads/2026/06/SOM_May2026.pdf,https://www.bis.gov.in/wp-content/uploads/2026/06/SOM_May2026.pdf,https://www.bis.gov.in/archive-standard-of-the-month/?lang=en
2,IS 19671,IS 19671 : 2026 / ISO 5201 : 2024 Financial Services — Code-Scanning Payment Security,702 KB,Pdf,Bilingual,10-04-2026,https://www.bis.gov.in/wp-content/uploads/2026/05/SOM_10042026.pdf,https://www.bis.gov.in/wp-content/uploads/2026/05/SOM_10042026.pdf,https://www.bis.gov.in/archive-standard-of-the-month/?lang=en
3,IS 19598:2026,IS 19598:2026      E-Commerce — Principles and Guidelines for Self-Governance,561 KB,Pdf,Bilingual,10-03-2026,https://www.bis.gov.in/wp-content/uploads/2026/04/SOM_10032026.pdf,https://www.bis.gov.in/wp-content/uploads/2026/04/SOM_10032026.pdf,https://www.bis.gov.in/archive-standard-of-the-month/?lang=en
4,IS 19445:2025,IS 19445:2025  Bomb Disposal Systems — Performance Evaluation and Requirements,562 KB,Pdf,Bilingual,09-02-2026,https://www.bis.gov.in/wp-content/uploads/2026/03/SOM_Feb_1_2026.pdf,https://www.bis.gov.in/wp-content/uploads/2026/03/SOM_Feb_1_2026.pdf,https://www.bis.gov.in/archive-standard-of-the-month/?lang=en
5,IS 17900,IS 17900 (Part 7/Sec 4): 2025  Lifts for the Transport of Persons and Goods  Part 7 Lifts for Special Applications  Section 4 Requirements of Lifts for Persons with Disabilities,683 KB,Pdf,Bilingual,08-01-2026,https://www.bis.gov.in/wp-content/uploads/2026/02/SOM_January_2026.pdf,https://www.bis.gov.in/wp-content/uploads/2026/02/SOM_January_2026.pdf,https://www.bis.gov.in/archive-standard-of-the-month/?lang=en
6,IS 3735:2025,"IS 3735:2025  	Canvas Shoes, Rubber Sole — Specification (Third Revision)",594 KB,Pdf,Bilingual,04-12-2025,https://www.bis.gov.in/wp-content/uploads/2026/01/soM_dec_2025_1.pdf,https://www.bis.gov.in/wp-content/uploads/2026/01/soM_dec_2025_1.pdf,https://www.bis.gov.in/archive-standard-of-the-month/?lang=en
7,SP 72,SP 72 : 2025           NATIONAL LIGHTING CODE OF INDIA 2025 ( First Revision ),652 KB,Pdf,Bilingual,11-11-2025,https://www.bis.gov.in/wp-content/uploads/2025/12/SOM_Nov_2025.pdf,https://www.bis.gov.in/wp-content/uploads/2025/12/SOM_Nov_2025.pdf,https://www.bis.gov.in/archive-standard-of-the-month/?lang=en
8,IS 14349:2025,IS 14349:2025  Code for Hygienic Conditions for Processing Units of Edible Oils and Fats (First Revision),514 KB,Pdf,Bilingual,09-10-2025,https://www.bis.gov.in/wp-content/uploads/2025/11/SOM_09102025.pdf,https://www.bis.gov.in/wp-content/uploads/2025/11/SOM_09102025.pdf,https://www.bis.gov.in/archive-standard-of-the-month/?lang=en
9,IS 19328:2025,IS 19328:2025  			Fire Resistant Glass --- Specification,576 KB,Pdf,Bilingual,08-09-2025,https://www.bis.gov.in/wp-content/uploads/2025/10/Standard-of-the-month-09102025.pdf,https://www.bis.gov.in/wp-content/uploads/2025/10/Standard-of-the-month-09102025.pdf,https://www.bis.gov.in/archive-standard-of-the-month/?lang=en
10,IS 19317:2025,IS 19317:2025 / ISO 53800:2024 Promotion and Implementation of Gender Equality and Women’s Empowerment - Guidelines,577 KB,Pdf,Bilingual,19-08-2025,https://www.bis.gov.in/wp-content/uploads/2025/09/stom_19082025.pdf,https://www.bis.gov.in/wp-content/uploads/2025/09/stom_19082025.pdf,https://www.bis.gov.in/archive-standard-of-the-month/?lang=en
11,IS 19260:2025,IS 19260:2025 / ISO 15863:2003   Space Systems — Spacecraft-to-Launch-Vehicle Interface Control Document,612 KB,Pdf,Bilingual,01-07-2025,https://www.bis.gov.in/wp-content/uploads/2025/08/SOM_July_25.pdf,https://www.bis.gov.in/wp-content/uploads/2025/08/SOM_July_25.pdf,https://www.bis.gov.in/archive-standard-of-the-month/?lang=en
12,IS 18998,IS 18998 : 2025/ISO 24187 : 2023 (Principles for the Analysis of Microplastics Present in the Environment),603 KB,Pdf,Bilingual,02-06-2025,https://www.bis.gov.in/wp-content/uploads/2025/07/Standard-of-the-month-June-2025.pdf,https://www.bis.gov.in/wp-content/uploads/2025/07/Standard-of-the-month-June-2025.pdf,https://www.bis.gov.in/archive-standard-of-the-month/?lang=en
13,IS 19197,IS 19197 : 2025 Ultrafiltration Membrane Based Point-of-Use Drinking Water Treatment System — Specification,716 KB,Pdf,Bilingual,06-05-2025,https://www.bis.gov.in/wp-content/uploads/2025/06/Standard-of-the-month-may-2025.pdf,https://www.bis.gov.in/wp-content/uploads/2025/06/Standard-of-the-month-may-2025.pdf,https://www.bis.gov.in/archive-standard-of-the-month/?lang=en
14,IS 19234,IS 19234 : 2025  Online Coaching Services — Requirements,501 KB,Pdf,Bilingual,04-04-2025,https://www.bis.gov.in/wp-content/uploads/2025/05/Standard-of-the-month-april-2025.pdf,https://www.bis.gov.in/wp-content/uploads/2025/05/Standard-of-the-month-april-2025.pdf,https://www.bis.gov.in/archive-standard-of-the-month/?lang=en
15,IS 18808:,"IS 18808: 2025 Protective Helmet for Users of Bicycles, Skateboards and Roller Skates — Specification",808 KB,Pdf,Bilingual,10-03-2025,https://www.bis.gov.in/wp-content/uploads/2025/04/standard_of_the_month_march.pdf,https://www.bis.gov.in/wp-content/uploads/2025/04/standard_of_the_month_march.pdf,https://www.bis.gov.in/archive-standard-of-the-month/?lang=en
16,Specification,Food Serving Utensils Made from Agri By-products — Specification (First Revision),363 KB,Pdf,English,10-03-2025,https://www.bis.gov.in/wp-content/uploads/2025/03/standardofmonth.pdf,https://www.bis.gov.in/wp-content/uploads/2025/03/standardofmonth.pdf,https://www.bis.gov.in/archive-standard-of-the-month/?lang=en
17,IS 11082:,IS 11082: 2024 Agricultural Tractors for Use in Wet Land Cultivation — Technical Requirements (First Revision),572 KB,Pdf,Bilingual,13-12-2024,https://www.bis.gov.in/wp-content/uploads/2025/01/standard_of_the_month.pdf,https://www.bis.gov.in/wp-content/uploads/2025/01/standard_of_the_month.pdf,https://www.bis.gov.in/archive-standard-of-the-month/?lang=en
18,IS 11461,IS 11461 : 2024  Compressor Safety — Code of Practice (First Revision),201 KB,Pdf,Bilingual,01-11-2024,https://www.bis.gov.in/wp-content/uploads/2024/12/standard-of-the-month.pdf,https://www.bis.gov.in/wp-content/uploads/2024/12/standard-of-the-month.pdf,https://www.bis.gov.in/archive-standard-of-the-month/?lang=en
19,SP 73,"SP 73 : 2023 Standardized Development and Building Regulations, 2023",399 KB,Pdf,Bilingual,06-02-2024,https://www.bis.gov.in/wp-content/uploads/2024/03/standard-of-the-month-06022024.pdf,https://www.bis.gov.in/wp-content/uploads/2024/03/standard-of-the-month-06022024.pdf,https://www.bis.gov.in/archive-standard-of-the-month/?lang=en
20,IS 18366:,IS 18366: 2023 फिजियोग्राफ,613 KB,Pdf,Bilingual,02-01-2024,https://www.bis.gov.in/wp-content/uploads/2024/02/standard-of-the-month-02012024.pdf,https://www.bis.gov.in/wp-content/uploads/2024/02/standard-of-the-month-02012024.pdf,https://www.bis.gov.in/archive-standard-of-the-month/?lang=en
21,IS/ISO 32210,IS/ISO 32210 : 2022 Sustainable Finance — Guidance on the Application of Sustainability Principles for Organizations in the Financial Sector,358 KB,Pdf,Bilingual,01-12-2023,https://www.bis.gov.in/wp-content/uploads/2024/01/Standard-of-the-month-01122023.pdf,https://www.bis.gov.in/wp-content/uploads/2024/01/Standard-of-the-month-01122023.pdf,https://www.bis.gov.in/archive-standard-of-the-month/?lang=en
22,IS 18328,IS 18328 (Part 1) : 2023 / ISO 14620-1 : 2018 Space Systems — Safety Requirements Part 1 System Safety,313 KB,Pdf,Bilingual,15-09-2023,https://www.bis.gov.in/wp-content/uploads/2023/12/Standard-of-the-month-sep2023.pdf,https://www.bis.gov.in/wp-content/uploads/2023/12/Standard-of-the-month-sep2023.pdf,https://www.bis.gov.in/archive-standard-of-the-month/?lang=en
23,IS 18158,IS 18158 : 2023Textile Floor Covering — Artificial Grass Carpet made of Synthetic Yarn for Landscape — Specification,326 KB,Pdf,Bilingual,15-09-2023,https://www.bis.gov.in/wp-content/uploads/2023/09/Standard-of-the-month-JULY2023.pdf,https://www.bis.gov.in/wp-content/uploads/2023/09/Standard-of-the-month-JULY2023.pdf,https://www.bis.gov.in/archive-standard-of-the-month/?lang=en
24,IS 18267,IS 18267 : 2023 Food Serving Utensil Made From Agri By-Products – Specification,257 KB,Pdf,Bilingual,03-07-2023,https://www.bis.gov.in/wp-content/uploads/2023/08/Standard-of-the-month-03july2023.pdf,https://www.bis.gov.in/wp-content/uploads/2023/08/Standard-of-the-month-03july2023.pdf,https://www.bis.gov.in/archive-standard-of-the-month/?lang=en
25,IS 16502,IS 16502 (Part 1) : 2023 / IEC 61496-1 : 2020  Safety of Machinery — Electro-Sensitive Protective Equipment,402 KB,Pdf,Bilingual,15-06-2023,https://www.bis.gov.in/wp-content/uploads/2023/07/Standard-of-the-month-june-2023.pdf,https://www.bis.gov.in/wp-content/uploads/2023/07/Standard-of-the-month-june-2023.pdf,https://www.bis.gov.in/archive-standard-of-the-month/?lang=en
26,IS 18225:,IS 18225: 2023  Media and Entertainment Services —Categorization of Programmes Offered by Skill Development Service Providers,556 KB,Pdf,Bilingual,18-04-2023,https://www.bis.gov.in/wp-content/uploads/2023/06/Standard-of-the-month-april-2023.pdf,https://www.bis.gov.in/wp-content/uploads/2023/06/Standard-of-the-month-april-2023.pdf,https://www.bis.gov.in/archive-standard-of-the-month/?lang=en
27,IS 18073:,IS 18073: 2023 Electric Traction Motor — Performance and Functional Requirements,866 KB,Pdf,Bilingual,21-03-2023,https://www.bis.gov.in/wp-content/uploads/2023/04/Standard-of-the-month-mar-2023.pdf,https://www.bis.gov.in/wp-content/uploads/2023/04/Standard-of-the-month-mar-2023.pdf,https://www.bis.gov.in/archive-standard-of-the-month/?lang=en
28,IS 2549,IS 2549 : 2023 Processed Ferrous Scrap — Code for Classification (Second Revision),291 KB,Pdf,Bilingual,17-02-2023,https://www.bis.gov.in/wp-content/uploads/2023/03/Standard_of_the_month_Feb_2023.pdf,https://www.bis.gov.in/wp-content/uploads/2023/03/Standard_of_the_month_Feb_2023.pdf,https://www.bis.gov.in/archive-standard-of-the-month/?lang=en
29,IS 18112:2022,IS 18112:2022 Digital Television Receiver for Satellite Broadcast Transmission- Specification,235 KB,Pdf,Bilingual,02-01-2023,https://www.bis.gov.in/wp-content/uploads/2023/02/Standard-of-the-month-jan-2023.pdf,https://www.bis.gov.in/wp-content/uploads/2023/02/Standard-of-the-month-jan-2023.pdf,https://www.bis.gov.in/archive-standard-of-the-month/?lang=en
30,IS 17992,IS 17992 : 2022 SUPERABSORBENT POLYMER — SODIUM POLYACRYLATE RESIN FOR HYGIENE PRODUCTS — SPECIFICATION,356 KB,Pdf,Bilingual,01-12-2022,https://www.bis.gov.in/wp-content/uploads/2023/01/standard-of-month-december_2022.pdf,https://www.bis.gov.in/wp-content/uploads/2023/01/standard-of-month-december_2022.pdf,https://www.bis.gov.in/archive-standard-of-the-month/?lang=en
31,IS 17943:,IS 17943: 2022 ‘E20 Reference Fuel — Admixture of Anhydrous Ethanol and Motor Gasoline — Specification’,300 KB,Pdf,Bilingual,07-11-2022,https://www.bis.gov.in/wp-content/uploads/2022/12/standard-of-the-month-november-2022.pdf,https://www.bis.gov.in/wp-content/uploads/2022/12/standard-of-the-month-november-2022.pdf,https://www.bis.gov.in/archive-standard-of-the-month/?lang=en
32,IS 17018,IS 17018 (Part 1) : 2022 Solar Photovoltaic Water Pumping Systems — Specification : Part 1 Centrifugal Pumps,417 KB,Pdf,Bilingual,03-10-2022,https://www.bis.gov.in/wp-content/uploads/2022/11/Standard-of-month-october_2022.pdf,https://www.bis.gov.in/wp-content/uploads/2022/11/Standard-of-month-october_2022.pdf,https://www.bis.gov.in/archive-standard-of-the-month/?lang=en
33,IS 17899,IS 17899 T : 2022 ASSESSMENT OF BIODEGRADABILITY OF PLASTICS IN VARIED CONDITIONS,422 KB,Pdf,Bilingual,01-08-2022,https://www.bis.gov.in/wp-content/uploads/2022/09/Standard-of-month-august2022.pdf,https://www.bis.gov.in/wp-content/uploads/2022/09/Standard-of-month-august2022.pdf,https://www.bis.gov.in/archive-standard-of-the-month/?lang=en
34,IS 9841:,IS 9841: 2022 Guide for Treatment and Disposal of Effluents of Fertilizer Industry,463 KB,Pdf,Bilingual,31-05-2022,https://www.bis.gov.in/wp-content/uploads/2022/08/may-month.pdf,https://www.bis.gov.in/wp-content/uploads/2022/08/may-month.pdf,https://www.bis.gov.in/archive-standard-of-the-month/?lang=en
35,IS 17821:,IS 17821: 2022 Ethanol as a fuel for use in positive ignition engine powered vehicles — Specification,479 KB,Pdf,Bilingual,25-04-2022,https://www.bis.gov.in/wp-content/uploads/2022/08/april-month.pdf,https://www.bis.gov.in/wp-content/uploads/2022/08/april-month.pdf,https://www.bis.gov.in/archive-standard-of-the-month/?lang=en
